{
  "fold_id": 5,
  "architecture": "TinySleepNet",
  "test_acc": 0.883102952290402,
  "test_macro_f1": 0.7487358513564427,
  "test_kappa": 0.7778403978782533,
  "per_class_f1": {
    "W": 0.9553107615223078,
    "N1": 0.4113036303630363,
    "N2": 0.8496135443503865,
    "N3": 0.7973997833152763,
    "REM": 0.7300515372312066
  },
  "best_epoch": -1,
  "best_val_f1": -1.0
}