{
  "fold_id": 2,
  "architecture": "DeepSleepNet",
  "test_acc": 0.8323946351009498,
  "test_macro_f1": 0.6688471375739274,
  "test_kappa": 0.6873787746885283,
  "per_class_f1": {
    "W": 0.9423360722939859,
    "N1": 0.38803950750913274,
    "N2": 0.7507924528301887,
    "N3": 0.65,
    "REM": 0.6130676552363299
  },
  "best_epoch": -1,
  "best_val_f1": -1.0
}