{
  "fold_id": 8,
  "architecture": "TinySleepNet",
  "test_acc": 0.893881551795295,
  "test_macro_f1": 0.7587513781712573,
  "test_kappa": 0.7908805737330535,
  "per_class_f1": {
    "W": 0.9682827627031259,
    "N1": 0.5235387045813586,
    "N2": 0.8364318075300734,
    "N3": 0.6708357021034679,
    "REM": 0.7946679139382601
  },
  "best_epoch": -1,
  "best_val_f1": -1.0
}