{
  "fold_id": 4,
  "architecture": "MambaSleep",
  "test_acc": 0.8704029304029304,
  "test_macro_f1": 0.7031101331694515,
  "test_kappa": 0.7509206913158624,
  "per_class_f1": {
    "W": 0.9654538772510106,
    "N1": 0.48766881972988846,
    "N2": 0.7890222984562607,
    "N3": 0.5672082717872969,
    "REM": 0.7061973986228003
  },
  "best_epoch": -1,
  "best_val_f1": -1.0
}