{
  "fold_id": 6,
  "architecture": "SleepTransformer",
  "test_acc": 0.8969996255382887,
  "test_macro_f1": 0.7687093454840589,
  "test_kappa": 0.8029408427168935,
  "per_class_f1": {
    "W": 0.9723533140804396,
    "N1": 0.46322767764657136,
    "N2": 0.8090002184519042,
    "N3": 0.792649727767695,
    "REM": 0.8063157894736842
  },
  "best_epoch": -1,
  "best_val_f1": -1.0
}