{
  "fold_id": 4,
  "architecture": "DeepSleepNet",
  "test_acc": 0.7713064713064713,
  "test_macro_f1": 0.656933301666222,
  "test_kappa": 0.616141690019246,
  "per_class_f1": {
    "W": 0.8846536765751671,
    "N1": 0.3834353390032589,
    "N2": 0.7855217558721602,
    "N3": 0.5621546961325967,
    "REM": 0.6689010407479273
  },
  "best_epoch": -1,
  "best_val_f1": -1.0
}