{
  "fold_id": 9,
  "architecture": "MambaSleep",
  "test_acc": 0.8802043639032376,
  "test_macro_f1": 0.6779760273489113,
  "test_kappa": 0.7575241300337929,
  "per_class_f1": {
    "W": 0.9783756032446863,
    "N1": 0.3902565431458927,
    "N2": 0.7736102408020769,
    "N3": 0.5820158102766798,
    "REM": 0.6656219392752204
  },
  "best_epoch": -1,
  "best_val_f1": -1.0
}