{
  "fold_id": 0,
  "architecture": "SleepTransformer",
  "test_acc": 0.9217226497385427,
  "test_macro_f1": 0.7892767129854488,
  "test_kappa": 0.8443831761560165,
  "per_class_f1": {
    "W": 0.9840241577677683,
    "N1": 0.49635036496350365,
    "N2": 0.8592048456730459,
    "N3": 0.7600913937547601,
    "REM": 0.8467128027681661
  },
  "best_epoch": -1,
  "best_val_f1": -1.0
}