{
  "fold_id": 3,
  "architecture": "TinySleepNet",
  "test_acc": 0.9012314651922594,
  "test_macro_f1": 0.7688313987618345,
  "test_kappa": 0.8027700364442573,
  "per_class_f1": {
    "W": 0.9821137128201712,
    "N1": 0.5102401129943502,
    "N2": 0.7666611268073791,
    "N3": 0.7453444020641687,
    "REM": 0.8397976391231029
  },
  "best_epoch": -1,
  "best_val_f1": -1.0
}