{
  "fold_id": 0,
  "architecture": "MambaSleep",
  "test_acc": 0.9085926974630649,
  "test_macro_f1": 0.7469044272579671,
  "test_kappa": 0.8169640748740827,
  "per_class_f1": {
    "W": 0.9823384377987622,
    "N1": 0.4360753221010902,
    "N2": 0.8352862849533955,
    "N3": 0.7055150884495317,
    "REM": 0.7753070029870561
  },
  "best_epoch": -1,
  "best_val_f1": -1.0
}