{
  "fold_id": 4,
  "architecture": "SleepTransformer",
  "test_acc": 0.8839804639804639,
  "test_macro_f1": 0.745456913386825,
  "test_kappa": 0.7831587321365767,
  "per_class_f1": {
    "W": 0.9673373888628919,
    "N1": 0.5655021834061136,
    "N2": 0.8202230259192285,
    "N3": 0.6158475426278837,
    "REM": 0.7583744261180071
  },
  "best_epoch": -1,
  "best_val_f1": -1.0
}