{
  "fold_id": 2,
  "architecture": "MambaSleep",
  "test_acc": 0.8645649372344996,
  "test_macro_f1": 0.6903855810330188,
  "test_kappa": 0.7372244116984785,
  "per_class_f1": {
    "W": 0.9624687834463075,
    "N1": 0.38560785026349265,
    "N2": 0.7770222411106389,
    "N3": 0.6553446553446554,
    "REM": 0.671484375
  },
  "best_epoch": -1,
  "best_val_f1": -1.0
}