{
  "fold_id": 3,
  "architecture": "MambaSleep",
  "test_acc": 0.8897164659919121,
  "test_macro_f1": 0.737154133196977,
  "test_kappa": 0.7798729319812002,
  "per_class_f1": {
    "W": 0.9783174327840416,
    "N1": 0.4678882761074542,
    "N2": 0.7726432532347505,
    "N3": 0.731335952848723,
    "REM": 0.7355857510099155
  },
  "best_epoch": -1,
  "best_val_f1": -1.0
}