{
  "fold_id": 9,
  "architecture": "SleepTransformer",
  "test_acc": 0.9019674259745392,
  "test_macro_f1": 0.7334866411251058,
  "test_kappa": 0.8004429011240874,
  "per_class_f1": {
    "W": 0.9783054461942258,
    "N1": 0.40592086535724453,
    "N2": 0.8198213672277568,
    "N3": 0.6808290155440414,
    "REM": 0.7825565113022604
  },
  "best_epoch": -1,
  "best_val_f1": -1.0
}