{
  "fold_id": 1,
  "architecture": "SleepTransformer",
  "test_acc": 0.8926097527409514,
  "test_macro_f1": 0.7605646648724271,
  "test_kappa": 0.787800587267643,
  "per_class_f1": {
    "W": 0.9752015822303363,
    "N1": 0.4991323552610822,
    "N2": 0.787570871069877,
    "N3": 0.744159864902899,
    "REM": 0.7967586508979413
  },
  "best_epoch": -1,
  "best_val_f1": -1.0
}