{
  "fold_id": 9,
  "architecture": "TinySleepNet",
  "test_acc": 0.8845795579642646,
  "test_macro_f1": 0.7213348647676057,
  "test_kappa": 0.7676637760199874,
  "per_class_f1": {
    "W": 0.9708562143929578,
    "N1": 0.4216972878390201,
    "N2": 0.7913922641684444,
    "N3": 0.6706827309236948,
    "REM": 0.7520458265139116
  },
  "best_epoch": -1,
  "best_val_f1": -1.0
}