{
  "fold_id": 5,
  "architecture": "DeepSleepNet",
  "test_acc": 0.7864891879372974,
  "test_macro_f1": 0.6628446817060814,
  "test_kappa": 0.6345405250979754,
  "per_class_f1": {
    "W": 0.8771464221346379,
    "N1": 0.2686655781505121,
    "N2": 0.8224061107574793,
    "N3": 0.7891156462585034,
    "REM": 0.5568896512292739
  },
  "best_epoch": -1,
  "best_val_f1": -1.0
}