{
  "fold_id": 1,
  "architecture": "DeepSleepNet",
  "test_acc": 0.8421257855864948,
  "test_macro_f1": 0.7292536522547433,
  "test_kappa": 0.7033314863405032,
  "per_class_f1": {
    "W": 0.9389753148790133,
    "N1": 0.3986073011183794,
    "N2": 0.7854456129577032,
    "N3": 0.801472844430807,
    "REM": 0.7217671878878134
  },
  "best_epoch": -1,
  "best_val_f1": -1.0
}