{
  "fold_id": 9,
  "architecture": "DeepSleepNet",
  "test_acc": 0.8605865582747622,
  "test_macro_f1": 0.6883517473243637,
  "test_kappa": 0.7270740307031769,
  "per_class_f1": {
    "W": 0.962135942628949,
    "N1": 0.37600494743351887,
    "N2": 0.7508011310084826,
    "N3": 0.6639392168322619,
    "REM": 0.6888774987186058
  },
  "best_epoch": -1,
  "best_val_f1": -1.0
}