{
  "fold_id": 6,
  "architecture": "MambaSleep",
  "test_acc": 0.8772935779816514,
  "test_macro_f1": 0.726790559339659,
  "test_kappa": 0.7652140731140833,
  "per_class_f1": {
    "W": 0.9685857431660367,
    "N1": 0.40856413278334314,
    "N2": 0.7664216986135314,
    "N3": 0.7341828750279454,
    "REM": 0.756198347107438
  },
  "best_epoch": -1,
  "best_val_f1": -1.0
}