{
  "fold_id": 6,
  "architecture": "TinySleepNet",
  "test_acc": 0.8733617300131061,
  "test_macro_f1": 0.7487831070054215,
  "test_kappa": 0.7634107217355734,
  "per_class_f1": {
    "W": 0.9634335130518337,
    "N1": 0.4298981426003595,
    "N2": 0.7698656740572908,
    "N3": 0.7595476850864092,
    "REM": 0.8211705202312138
  },
  "best_epoch": -1,
  "best_val_f1": -1.0
}