{
  "fold_id": 1,
  "architecture": "MambaSleep",
  "test_acc": 0.8820588100371577,
  "test_macro_f1": 0.7305582883125156,
  "test_kappa": 0.7655495935149805,
  "per_class_f1": {
    "W": 0.9705148941905917,
    "N1": 0.45097722500403814,
    "N2": 0.7876697247706422,
    "N3": 0.7280410504074857,
    "REM": 0.7155885471898197
  },
  "best_epoch": -1,
  "best_val_f1": -1.0
}