{
  "fold_id": 7,
  "architecture": "SleepTransformer",
  "test_acc": 0.8713465249843049,
  "test_macro_f1": 0.6951149294397998,
  "test_kappa": 0.7432256056641768,
  "per_class_f1": {
    "W": 0.9673508418428333,
    "N1": 0.3925729442970822,
    "N2": 0.7765108323831242,
    "N3": 0.6401446654611211,
    "REM": 0.6989953632148377
  },
  "best_epoch": -1,
  "best_val_f1": -1.0
}