{
  "fold_id": 7,
  "architecture": "MambaSleep",
  "test_acc": 0.8377938475131955,
  "test_macro_f1": 0.6404895173283812,
  "test_kappa": 0.6834972189316306,
  "per_class_f1": {
    "W": 0.9557864218410244,
    "N1": 0.3669517508471841,
    "N2": 0.7218664226898445,
    "N3": 0.615082482325216,
    "REM": 0.5427605089386375
  },
  "best_epoch": -1,
  "best_val_f1": -1.0
}