{
  "fold_id": 0,
  "architecture": "DeepSleepNet",
  "test_acc": 0.9077478135775124,
  "test_macro_f1": 0.7812683762298933,
  "test_kappa": 0.8197483099910231,
  "per_class_f1": {
    "W": 0.9734172906739278,
    "N1": 0.4567287784679089,
    "N2": 0.8529843770863934,
    "N3": 0.809910641754671,
    "REM": 0.813300793166565
  },
  "best_epoch": -1,
  "best_val_f1": -1.0
}