{
  "fold_id": 3,
  "architecture": "SleepTransformer",
  "test_acc": 0.8981927848477232,
  "test_macro_f1": 0.7616478291159552,
  "test_kappa": 0.7974400232127787,
  "per_class_f1": {
    "W": 0.9822856665831873,
    "N1": 0.49850061739283824,
    "N2": 0.7616933826551583,
    "N3": 0.7657594789485926,
    "REM": 0.8
  },
  "best_epoch": -1,
  "best_val_f1": -1.0
}