{
  "fold_id": 5,
  "architecture": "MambaSleep",
  "test_acc": 0.8703771422999098,
  "test_macro_f1": 0.7198330970255864,
  "test_kappa": 0.7540735403636736,
  "per_class_f1": {
    "W": 0.9562818414228174,
    "N1": 0.40311029261305503,
    "N2": 0.8056658105689158,
    "N3": 0.7329255861365953,
    "REM": 0.7011819543865491
  },
  "best_epoch": -1,
  "best_val_f1": -1.0
}