{
  "fold_id": 5,
  "architecture": "SleepTransformer",
  "test_acc": 0.9048733513737536,
  "test_macro_f1": 0.771295287611746,
  "test_kappa": 0.8133270765099421,
  "per_class_f1": {
    "W": 0.971661385242191,
    "N1": 0.504544202698981,
    "N2": 0.8283486888731396,
    "N3": 0.7639135959339263,
    "REM": 0.7880085653104925
  },
  "best_epoch": -1,
  "best_val_f1": -1.0
}