{
  "fold_id": 3,
  "architecture": "DeepSleepNet",
  "test_acc": 0.8159656377801641,
  "test_macro_f1": 0.7074054234110718,
  "test_kappa": 0.6669096233387386,
  "per_class_f1": {
    "W": 0.9148826732409855,
    "N1": 0.3287933602894233,
    "N2": 0.7785888077858881,
    "N3": 0.7543018335684062,
    "REM": 0.7604604421706559
  },
  "best_epoch": -1,
  "best_val_f1": -1.0
}