{
  "fold_id": 8,
  "architecture": "DeepSleepNet",
  "test_acc": 0.8001444490301279,
  "test_macro_f1": 0.647313430662366,
  "test_kappa": 0.6415729206102416,
  "per_class_f1": {
    "W": 0.9035693958858444,
    "N1": 0.3249466950959488,
    "N2": 0.7976694915254238,
    "N3": 0.45968489341983315,
    "REM": 0.7506966773847803
  },
  "best_epoch": -1,
  "best_val_f1": -1.0
}