{
  "fold_id": 8,
  "architecture": "MambaSleep",
  "test_acc": 0.8799525381758151,
  "test_macro_f1": 0.7176100170785558,
  "test_kappa": 0.7616297429150545,
  "per_class_f1": {
    "W": 0.9687886338132644,
    "N1": 0.45449974861739567,
    "N2": 0.8048837390154755,
    "N3": 0.6615598885793872,
    "REM": 0.6983180753672557
  },
  "best_epoch": -1,
  "best_val_f1": -1.0
}