{
  "fold_id": 2,
  "architecture": "TinySleepNet",
  "test_acc": 0.8674048971409479,
  "test_macro_f1": 0.7226472417171618,
  "test_kappa": 0.7476572564084567,
  "per_class_f1": {
    "W": 0.9585510902865381,
    "N1": 0.4333491837058171,
    "N2": 0.7863722766486329,
    "N3": 0.6937444411503113,
    "REM": 0.7412192167945095
  },
  "best_epoch": -1,
  "best_val_f1": -1.0
}