{
  "fold_id": 8,
  "architecture": "SleepTransformer",
  "test_acc": 0.9079653322327693,
  "test_macro_f1": 0.7764850860658751,
  "test_kappa": 0.8147719046323514,
  "per_class_f1": {
    "W": 0.9748960302457467,
    "N1": 0.5297180822409768,
    "N2": 0.8506264535974192,
    "N3": 0.7038237200259235,
    "REM": 0.8233611442193087
  },
  "best_epoch": -1,
  "best_val_f1": -1.0
}