{
  "fold_id": 6,
  "architecture": "DeepSleepNet",
  "test_acc": 0.8201179554390564,
  "test_macro_f1": 0.6742994793019577,
  "test_kappa": 0.6803758614106894,
  "per_class_f1": {
    "W": 0.9216682113067656,
    "N1": 0.319926634350845,
    "N2": 0.79606980898722,
    "N3": 0.6199824201582186,
    "REM": 0.7138503217067389
  },
  "best_epoch": -1,
  "best_val_f1": -1.0
}