{
  "fold_id": 7,
  "architecture": "TinySleepNet",
  "test_acc": 0.8436533587555515,
  "test_macro_f1": 0.6684738217537669,
  "test_kappa": 0.698071805348456,
  "per_class_f1": {
    "W": 0.9555224294529571,
    "N1": 0.38713240370012425,
    "N2": 0.7231620553359683,
    "N3": 0.5964432284541724,
    "REM": 0.6801089918256131
  },
  "best_epoch": -1,
  "best_val_f1": -1.0
}