{
  "fold_id": 2,
  "architecture": "SleepTransformer",
  "test_acc": 0.8717245000238653,
  "test_macro_f1": 0.7201086797401121,
  "test_kappa": 0.7526829686560603,
  "per_class_f1": {
    "W": 0.9631710808876163,
    "N1": 0.4346563407550823,
    "N2": 0.7858880778588808,
    "N3": 0.6668816510802967,
    "REM": 0.7499462481186842
  },
  "best_epoch": -1,
  "best_val_f1": -1.0
}