{
  "fold_id": 1,
  "architecture": "TinySleepNet",
  "test_acc": 0.8909812376714528,
  "test_macro_f1": 0.7677421388142244,
  "test_kappa": 0.7863046467101313,
  "per_class_f1": {
    "W": 0.971367470595224,
    "N1": 0.5114481969089868,
    "N2": 0.7997587454764777,
    "N3": 0.7451091579245818,
    "REM": 0.8110271231658515
  },
  "best_epoch": -1,
  "best_val_f1": -1.0
}