{
  "fold_id": 4,
  "architecture": "TinySleepNet",
  "test_acc": 0.8901098901098901,
  "test_macro_f1": 0.7421094700260881,
  "test_kappa": 0.7894785293204828,
  "per_class_f1": {
    "W": 0.9714885622720743,
    "N1": 0.5385199817656892,
    "N2": 0.8188395098183966,
    "N3": 0.580046403712297,
    "REM": 0.8016528925619835
  },
  "best_epoch": -1,
  "best_val_f1": -1.0
}