{
  "fold_id": 7,
  "architecture": "DeepSleepNet",
  "test_acc": 0.7217197200455739,
  "test_macro_f1": 0.6064960977893404,
  "test_kappa": 0.5278527321773123,
  "per_class_f1": {
    "W": 0.8675454167768252,
    "N1": 0.25396825396825395,
    "N2": 0.694871149164778,
    "N3": 0.6648351648351648,
    "REM": 0.5512605042016807
  },
  "best_epoch": -1,
  "best_val_f1": -1.0
}