{
  "fold_id": 0,
  "architecture": "TinySleepNet",
  "test_acc": 0.919873039070171,
  "test_macro_f1": 0.791614548491352,
  "test_kappa": 0.8419393727043856,
  "per_class_f1": {
    "W": 0.9813580539296952,
    "N1": 0.49663847321622206,
    "N2": 0.8645902954150515,
    "N3": 0.7663619744058501,
    "REM": 0.8491239454899416
  },
  "best_epoch": -1,
  "best_val_f1": -1.0
}